silo_id,initial_mass_kg,discharged_mass_kg,remaining_mass_kg,remaining_pct
S1,2736.647,1204.1246800000001,1532.5223199999998,56.0
S2,2729.31,846.4060000000001,1882.904,68.98827908885396
S3,2866.743,625.661,2241.0820000000003,78.17519742788247
